actual_label,fraud_probability,predicted_default,predicted_optimal
0,0.8304987,1,1
0,0.0014564367,0,0
0,0.009426627,0,0
0,0.0023197744,0,0
0,0.59402305,1,1
0,0.40787044,0,1
0,0.8691475,1,1
0,0.5837344,1,1
0,0.90094334,1,1
0,0.8738199,1,1
0,0.025664642,0,0
0,0.0052242875,0,0
0,0.0074263937,0,0
0,0.0063486723,0,0
0,0.8267279,1,1
0,0.008879324,0,0
0,0.8689943,1,1
0,0.0020539039,0,0
0,0.047798738,0,0
0,0.22960657,0,0
0,0.7041021,1,1
0,0.8097456,1,1
0,0.21624605,0,0
0,0.0061077485,0,0
0,0.0021692095,0,0
0,0.00049077807,0,0
1,0.7743734,1,1
0,0.009338136,0,0
0,0.96590227,1,1
0,0.006407044,0,0
0,0.2468892,0,0
0,0.43330678,0,1
0,0.0067351097,0,0
0,0.39511353,0,1
0,0.051261403,0,0
0,0.3157753,0,1
0,0.0064542918,0,0
0,0.96887666,1,1
0,0.07172752,0,0
0,0.002137126,0,0
0,0.00946568,0,0
0,0.7139691,1,1
0,0.8909889,1,1
1,0.1533357,0,0
0,0.1946146,0,0
0,0.18669513,0,0
0,0.893797,1,1
0,0.50222194,1,1
0,0.69821197,1,1
0,0.0038456076,0,0
0,0.34155053,0,1
0,0.2484532,0,0
0,0.69446534,1,1
0,0.089931175,0,0
0,0.007009674,0,0
0,0.38315147,0,1
0,0.003146606,0,0
0,0.3635998,0,1
0,0.005502112,0,0
0,0.0036244637,0,0
0,0.629301,1,1
0,0.0036054014,0,0
0,0.04818309,0,0
0,0.005523756,0,0
0,0.64291614,1,1
0,0.3418565,0,1
0,0.2509353,0,1
0,0.5329502,1,1
0,0.40401918,0,1
0,0.37393624,0,1
0,0.0048702634,0,0
0,0.007884741,0,0
0,0.07934572,0,0
0,0.6469289,1,1
0,0.70067406,1,1
0,0.45693746,0,1
0,0.8655296,1,1
0,0.8382715,1,1
0,0.008818045,0,0
0,0.1944167,0,0
0,0.09990041,0,0
0,0.9302564,1,1
0,0.60675013,1,1
0,0.54433054,1,1
0,0.68114704,1,1
0,0.97935474,1,1
0,0.8586373,1,1
0,0.0075592403,0,0
0,0.4298608,0,1
0,0.005630404,0,0
0,0.30842492,0,1
0,0.58350414,1,1
0,0.5351605,1,1
0,0.60339326,1,1
0,0.0012239814,0,0
0,0.20554833,0,0
0,0.9474696,1,1
0,0.0058386265,0,0
0,0.46529055,0,1
0,0.13702847,0,0
0,0.0011942413,0,0
0,0.16755436,0,0
0,0.00035785756,0,0
0,0.41624406,0,1
0,0.94395363,1,1
0,0.002877757,0,0
1,0.5430067,1,1
0,0.05259394,0,0
0,0.00047322238,0,0
0,0.84691197,1,1
0,0.35365394,0,1
0,0.007133239,0,0
0,0.80175704,1,1
0,0.42048606,0,1
0,0.9842286,1,1
0,0.9708148,1,1
0,0.8677194,1,1
0,0.005422372,0,0
0,0.051208798,0,0
0,0.36355606,0,1
0,0.8618428,1,1
0,0.8718791,1,1
0,0.07601974,0,0
0,0.00018534393,0,0
0,0.0036154275,0,0
0,0.35890812,0,1
0,0.8700063,1,1
0,0.6289351,1,1
0,0.62047875,1,1
0,0.8330269,1,1
1,0.7717306,1,1
0,0.82645845,1,1
0,0.3300112,0,1
0,0.36931342,0,1
0,0.8984081,1,1
0,0.0049114004,0,0
0,0.0013612269,0,0
0,0.7062042,1,1
0,0.69302124,1,1
0,0.008827027,0,0
0,0.34236264,0,1
0,0.6224112,1,1
0,0.41042626,0,1
0,0.0051963446,0,0
0,0.47508952,0,1
0,0.76563257,1,1
0,0.7061453,1,1
0,0.19469382,0,0
0,0.98003894,1,1
0,0.25540873,0,1
0,0.013025639,0,0
0,0.72650945,1,1
0,0.007910102,0,0
0,0.8816546,1,1
0,0.25849974,0,1
0,0.00057636807,0,0
0,0.8168991,1,1
0,0.7036729,1,1
0,0.18404768,0,0
0,0.5675904,1,1
0,0.9495105,1,1
0,0.65272504,1,1
1,0.16069894,0,0
0,0.5732034,1,1
0,0.10024692,0,0
0,0.0061711585,0,0
0,0.09705681,0,0
0,0.21581821,0,0
0,0.68240523,1,1
0,0.65916336,1,1
0,0.29574686,0,1
0,0.00025724643,0,0
0,0.93467414,1,1
0,0.8380677,1,1
0,0.5161771,1,1
0,0.45170066,0,1
0,0.54287255,1,1
0,0.003208421,0,0
0,0.56859744,1,1
0,0.23897311,0,0
0,0.5730773,1,1
0,0.7278877,1,1
0,0.4152278,0,1
0,0.32159048,0,1
1,0.2104839,0,0
0,0.6879586,1,1
0,0.0023938457,0,0
0,0.003187178,0,0
0,0.072111726,0,0
0,0.0035905167,0,0
0,0.86729854,1,1
0,0.17349726,0,0
0,0.87439245,1,1
0,0.2040415,0,0
0,0.88829243,1,1
0,0.8931115,1,1
0,0.82628787,1,1
0,0.59110725,1,1
0,0.007335459,0,0
0,0.46798277,0,1
0,0.2835155,0,1
0,0.43230468,0,1
0,0.005072073,0,0
0,0.0076205865,0,0
0,0.2237303,0,0
0,0.94461894,1,1
0,0.0059209736,0,0
0,0.0937959,0,0
0,0.5095712,1,1
0,0.74983644,1,1
0,0.77874404,1,1
0,0.00938354,0,0
0,0.5799482,1,1
1,0.66631085,1,1
0,0.2346286,0,0
0,0.43460697,0,1
0,0.68097055,1,1
0,0.31816563,0,1
0,0.0012619748,0,0
0,0.008105687,0,0
0,0.6022653,1,1
1,0.39740866,0,1
0,0.23575614,0,0
0,0.0050873808,0,0
0,0.33136114,0,1
0,0.57990384,1,1
0,0.00065669476,0,0
0,0.0010396894,0,0
1,0.7652818,1,1
0,0.008530261,0,0
0,0.745081,1,1
0,0.0051549994,0,0
0,0.31672895,0,1
0,0.08032604,0,0
0,0.8035851,1,1
0,0.05377416,0,0
0,0.2032161,0,0
0,0.006029266,0,0
0,0.37086982,0,1
0,0.0077532404,0,0
0,0.05339136,0,0
1,0.33063424,0,1
0,0.030613642,0,0
0,0.78956693,1,1
0,0.34630895,0,1
0,0.0020158382,0,0
0,0.9839049,1,1
0,0.62494725,1,1
0,0.0036391078,0,0
0,0.0075708795,0,0
0,0.8526999,1,1
0,0.2733579,0,1
0,0.011342876,0,0
0,0.86515707,1,1
0,0.004449687,0,0
0,0.96307725,1,1
0,0.0057183756,0,0
0,0.010072451,0,0
0,0.8020579,1,1
0,0.0007494771,0,0
0,0.0035571014,0,0
0,0.80356675,1,1
0,0.0027480114,0,0
0,0.2655683,0,1
0,0.80159664,1,1
0,0.009617856,0,0
0,0.0025466161,0,0
0,0.1671029,0,0
0,0.005212144,0,0
0,0.5770381,1,1
0,0.0028731292,0,0
0,0.0029627483,0,0
0,0.7599674,1,1
0,0.0023437054,0,0
0,0.8992091,1,1
0,0.0053980732,0,0
0,0.0042221723,0,0
0,0.32396987,0,1
0,0.13666275,0,0
0,0.13600495,0,0
0,0.3923875,0,1
0,0.8603074,1,1
0,0.8127787,1,1
0,0.10479198,0,0
0,0.24327894,0,0
0,0.026692666,0,0
0,0.0064980392,0,0
0,0.6560835,1,1
0,0.24221632,0,0
1,0.5688544,1,1
0,0.753819,1,1
0,0.33423027,0,1
0,0.8775919,1,1
0,0.009788959,0,0
0,0.28308526,0,1
0,0.067147955,0,0
0,0.34358922,0,1
0,0.8852803,1,1
0,0.86057633,1,1
0,0.7622252,1,1
0,0.007331158,0,0
1,0.97537655,1,1
0,0.0008119333,0,0
0,0.6106409,1,1
0,0.71500736,1,1
0,0.5148667,1,1
0,0.49784604,0,1
0,0.0022567746,0,0
1,0.56184036,1,1
0,0.5403432,1,1
0,0.77444535,1,1
0,0.0007239797,0,0
0,0.8594556,1,1
0,0.05535326,0,0
0,0.9209752,1,1
0,0.81006885,1,1
0,0.21454608,0,0
0,0.5143603,1,1
0,0.62033,1,1
0,0.7438607,1,1
0,0.8511157,1,1
0,0.23690048,0,0
0,0.005535377,0,0
0,0.85951144,1,1
0,0.78991556,1,1
0,0.0022302035,0,0
0,0.0015178858,0,0
0,0.820708,1,1
0,0.8804851,1,1
0,0.56561446,1,1
0,0.049811337,0,0
0,0.011522229,0,0
0,0.77729875,1,1
0,0.48563913,0,1
0,0.97274417,1,1
0,0.78734046,1,1
0,0.9331472,1,1
0,0.0018209646,0,0
0,0.0011622626,0,0
0,0.008587926,0,0
0,0.0039366805,0,0
0,0.82815164,1,1
0,0.0005892459,0,0
0,0.92872375,1,1
0,0.3738795,0,1
1,0.8393757,1,1
0,0.49309406,0,1
0,0.4190412,0,1
0,0.0014568904,0,0
0,0.011112524,0,0
0,0.007004777,0,0
0,0.6890765,1,1
0,0.0023917172,0,0
0,0.770972,1,1
0,0.2885993,0,1
1,0.309632,0,1
0,0.021568812,0,0
0,0.0030638843,0,0
0,0.7247961,1,1
0,0.49829778,0,1
0,0.0058143144,0,0
0,0.0019847513,0,0
0,0.7502216,1,1
1,0.86428124,1,1
0,0.0014378985,0,0
0,0.6328589,1,1
0,0.085472584,0,0
0,0.2635489,0,1
0,0.08741092,0,0
0,0.8911051,1,1
0,0.5428547,1,1
0,0.77017236,1,1
0,0.8732414,1,1
0,0.47166535,0,1
1,0.8130054,1,1
0,0.0020795995,0,0
0,0.0040297825,0,0
1,0.6143862,1,1
0,0.76027167,1,1
1,0.37221104,0,1
0,0.00450975,0,0
0,0.69219106,1,1
0,0.613186,1,1
0,0.08608306,0,0
0,0.29368135,0,1
0,0.0037870798,0,0
0,0.0070123896,0,0
0,0.7741402,1,1
0,0.79140866,1,1
0,0.002520134,0,0
0,0.0014676711,0,0
0,0.13121274,0,0
0,0.008634605,0,0
1,0.8872878,1,1
0,0.880022,1,1
0,0.0032066065,0,0
0,0.0013713718,0,0
0,0.3179075,0,1
0,0.36618924,0,1
0,0.27763736,0,1
0,0.37109026,0,1
0,0.60990477,1,1
0,0.9351833,1,1
1,0.42768157,0,1
0,0.61162037,1,1
0,0.7437796,1,1
0,0.63349277,1,1
0,0.5463858,1,1
0,0.5686884,1,1
0,0.0009452156,0,0
0,0.030472172,0,0
0,0.0059561743,0,0
0,0.0075969524,0,0
0,0.18364395,0,0
0,0.18769284,0,0
0,0.6402701,1,1
1,0.80615115,1,1
1,0.046452645,0,0
0,0.83212185,1,1
0,0.00091065286,0,0
0,0.10173008,0,0
0,0.0022262766,0,0
0,0.0012154314,0,0
0,0.5788705,1,1
0,0.0053012236,0,0
0,0.004804814,0,0
0,0.64318925,1,1
0,0.35379595,0,1
0,0.0016910455,0,0
0,0.93762475,1,1
0,0.0059194695,0,0
0,0.0021009531,0,0
0,0.11977205,0,0
0,0.0058338707,0,0
0,0.47118318,0,1
0,0.6905759,1,1
0,0.0046356265,0,0
0,0.67904246,1,1
0,0.90856946,1,1
1,0.5078255,1,1
0,0.0067150714,0,0
0,0.7102709,1,1
0,0.005060673,0,0
0,0.3493115,0,1
0,0.0007382428,0,0
0,0.0057068244,0,0
0,0.6836003,1,1
0,0.91024226,1,1
0,0.18345658,0,0
0,0.74827385,1,1
0,0.77975506,1,1
0,0.20561333,0,0
0,0.3497461,0,1
0,0.82202524,1,1
0,0.31219053,0,1
0,0.35520265,0,1
0,0.08002961,0,0
0,0.65974236,1,1
0,0.46155372,0,1
0,0.5888562,1,1
0,0.0045574224,0,0
1,0.808387,1,1
0,0.21800606,0,0
0,0.5303041,1,1
0,0.9313221,1,1
0,0.002283695,0,0
0,0.90555376,1,1
1,0.8522009,1,1
0,0.20736761,0,0
0,0.002778193,0,0
0,0.0034465329,0,0
0,0.006409938,0,0
0,0.03929401,0,0
0,0.8519856,1,1
0,0.9478575,1,1
0,0.0042571067,0,0
0,0.0017828802,0,0
0,0.9126821,1,1
0,0.0026225594,0,0
0,0.0018329142,0,0
0,0.0027824885,0,0
0,0.0009969415,0,0
0,0.6901234,1,1
0,0.0069874283,0,0
0,0.004508787,0,0
0,0.030226775,0,0
0,0.60388744,1,1
0,0.0029552798,0,0
0,0.3923058,0,1
0,0.68078053,1,1
0,0.89652693,1,1
0,0.39303052,0,1
0,0.6264767,1,1
0,0.008249351,0,0
0,0.008330695,0,0
0,0.82491213,1,1
0,0.9022143,1,1
0,0.24114187,0,0
0,0.0054896805,0,0
0,0.25761813,0,1
0,0.12294145,0,0
0,0.2718874,0,1
0,0.0033736771,0,0
0,0.0091283675,0,0
0,0.002157886,0,0
0,0.005386197,0,0
0,0.35030243,0,1
1,0.6669295,1,1
1,0.4457407,0,1
0,0.8984932,1,1
1,0.15013346,0,0
0,0.941372,1,1
0,0.0029642123,0,0
0,0.048814904,0,0
0,0.27615544,0,1
0,0.052535582,0,0
0,0.23115002,0,0
0,0.007320353,0,0
0,0.93929577,1,1
0,0.15686408,0,0
0,0.5947051,1,1
0,0.1573943,0,0
0,0.9123069,1,1
0,0.7972351,1,1
0,0.0041421386,0,0
0,0.9447086,1,1
0,0.37874696,0,1
0,0.10861145,0,0
0,0.34708732,0,1
0,0.0058082123,0,0
0,0.67187285,1,1
0,0.30999488,0,1
0,0.80400324,1,1
0,0.96062577,1,1
0,0.6550774,1,1
0,0.50786436,1,1
0,0.6322369,1,1
0,0.846813,1,1
0,0.0065919943,0,0
0,0.38788834,0,1
0,0.0077430266,0,0
0,0.002325082,0,0
0,0.39763108,0,1
0,0.6339665,1,1
0,0.36084193,0,1
0,0.004105995,0,0
0,0.35905585,0,1
0,0.9797997,1,1
0,0.5965713,1,1
0,0.35828424,0,1
0,0.010523812,0,0
0,0.25676334,0,1
0,0.42178378,0,1
0,0.3591451,0,1
0,0.0885726,0,0
0,0.84543437,1,1
0,0.17194892,0,0
0,0.0024984076,0,0
0,0.5505136,1,1
0,0.43589213,0,1
0,0.0077020116,0,0
0,0.92237514,1,1
0,0.1966923,0,0
0,0.009007876,0,0
0,0.0032686545,0,0
0,0.009635158,0,0
0,0.5289851,1,1
1,0.7313067,1,1
0,0.88550156,1,1
0,0.051633358,0,0
0,0.35083425,0,1
1,0.948616,1,1
0,0.6327359,1,1
0,0.98992705,1,1
0,0.000611349,0,0
0,0.6871612,1,1
0,0.83477914,1,1
0,0.17819723,0,0
0,0.7600968,1,1
0,0.9083586,1,1
0,0.00026912507,0,0
0,0.3664451,0,1
0,0.0037440045,0,0
0,0.6068413,1,1
0,0.31783473,0,1
0,0.0011539552,0,0
0,0.04260802,0,0
0,0.645256,1,1
0,0.002754874,0,0
0,0.77136356,1,1
0,0.77176744,1,1
0,0.0057861437,0,0
0,0.5676801,1,1
0,0.65178514,1,1
0,0.007916128,0,0
0,0.74809384,1,1
0,0.86640817,1,1
0,0.34422734,0,1
0,0.002275246,0,0
0,0.0025296248,0,0
0,0.88373154,1,1
0,0.030561445,0,0
0,0.14971432,0,0
0,0.53733945,1,1
0,0.38240364,0,1
0,0.0017740991,0,0
0,0.4400512,0,1
0,0.23923337,0,0
0,0.8368609,1,1
0,0.925311,1,1
0,0.006028774,0,0
1,0.9506139,1,1
0,0.9684853,1,1
0,0.94326943,1,1
0,0.59146744,1,1
0,0.4470996,0,1
0,0.31631768,0,1
0,0.2518802,0,1
0,0.0022308307,0,0
0,0.7674641,1,1
0,0.44094175,0,1
0,0.06151381,0,0
0,0.0039463216,0,0
1,0.20874038,0,0
0,0.36520708,0,1
0,0.4215101,0,1
1,0.2554434,0,1
1,0.83021057,1,1
0,0.6200217,1,1
0,0.79330575,1,1
0,0.7554268,1,1
0,0.0023685577,0,0
0,0.0032262758,0,0
0,0.603556,1,1
0,0.81807274,1,1
1,0.79022765,1,1
0,0.0061129495,0,0
0,0.0054585394,0,0
0,0.20459288,0,0
0,0.06281921,0,0
1,0.21219997,0,0
0,0.0067042373,0,0
0,0.0051963762,0,0
1,0.84632045,1,1
0,0.85068625,1,1
0,0.9048892,1,1
0,0.21248655,0,0
1,0.3790086,0,1
0,0.15412398,0,0
0,0.24474274,0,0
0,0.011847966,0,0
0,0.0018505343,0,0
0,0.0017182677,0,0
0,0.83735555,1,1
0,0.2876903,0,1
0,0.0016692105,0,0
0,0.009249061,0,0
1,0.20438911,0,0
0,0.12464742,0,0
0,0.8875389,1,1
0,0.5720122,1,1
0,0.35492614,0,1
0,0.36728743,0,1
0,0.00053101365,0,0
0,0.8009876,1,1
1,0.5713953,1,1
0,0.3388276,0,1
0,0.09868587,0,0
0,0.92555237,1,1
0,0.70633507,1,1
0,0.41301948,0,1
0,0.11374125,0,0
0,0.3904088,0,1
0,0.004800693,0,0
0,0.013721235,0,0
0,0.080261305,0,0
0,0.37840092,0,1
0,0.38846025,0,1
0,0.94212896,1,1
0,0.83428407,1,1
0,0.0022243974,0,0
0,0.0072358013,0,0
0,0.83119625,1,1
1,0.21731521,0,0
0,0.41600055,0,1
0,0.2581422,0,1
0,0.9521893,1,1
0,0.15206592,0,0
0,0.12989958,0,0
0,0.0031682614,0,0
0,0.0012542987,0,0
0,0.0026306778,0,0
0,0.5467223,1,1
0,0.8991824,1,1
0,0.72684556,1,1
0,0.0072422577,0,0
0,0.22212121,0,0
0,0.17534961,0,0
0,0.0018607776,0,0
0,0.031837296,0,0
0,0.89978045,1,1
0,0.8891099,1,1
0,0.03974996,0,0
0,0.2613222,0,1
0,0.31781867,0,1
0,0.20752919,0,0
0,0.16641894,0,0
0,0.0047966237,0,0
0,0.8884008,1,1
0,0.83148336,1,1
0,0.0014007831,0,0
0,0.8635612,1,1
0,0.6476872,1,1
0,0.629898,1,1
0,0.0035780612,0,0
0,0.2550462,0,1
0,0.028155003,0,0
0,0.6482811,1,1
0,0.123920426,0,0
0,0.77441204,1,1
0,0.0059458897,0,0
0,0.83542854,1,1
0,0.07744174,0,0
0,0.41787133,0,1
0,0.008881613,0,0
0,0.16576952,0,0
0,0.003276212,0,0
0,0.7844397,1,1
0,0.0051234225,0,0
1,0.54074025,1,1
0,0.017541718,0,0
1,0.608229,1,1
0,0.005859558,0,0
0,0.82076705,1,1
0,0.007358459,0,0
0,0.008943511,0,0
0,0.55987775,1,1
0,0.6572913,1,1
0,0.42590907,0,1
0,0.33451867,0,1
0,0.75841373,1,1
0,0.56054044,1,1
0,0.34511128,0,1
0,0.0022664205,0,0
0,0.97293437,1,1
0,0.6411812,1,1
0,0.90791345,1,1
0,0.42812702,0,1
0,0.23674083,0,0
0,0.0028179942,0,0
0,0.34492168,0,1
0,0.010821026,0,0
0,0.008872478,0,0
0,0.61922586,1,1
1,0.9765636,1,1
1,0.46272296,0,1
0,0.91804576,1,1
0,0.006069287,0,0
0,0.9355415,1,1
0,0.0318683,0,0
0,0.00240206,0,0
0,0.55728626,1,1
0,0.037893035,0,0
0,0.0014231,0,0
0,0.09913076,0,0
0,0.9110529,1,1
0,0.27834496,0,1
0,0.002856424,0,0
0,0.79495007,1,1
0,0.9263006,1,1
0,0.27277607,0,1
0,0.91955256,1,1
0,0.7865902,1,1
0,0.53590024,1,1
0,0.001984964,0,0
0,0.0011578073,0,0
0,0.79397863,1,1
0,0.12406444,0,0
0,0.844413,1,1
0,0.9630243,1,1
0,0.59186596,1,1
0,0.001160057,0,0
0,0.5942558,1,1
0,0.5342763,1,1
0,0.8242696,1,1
0,0.65096974,1,1
0,0.49061397,0,1
0,0.0057118265,0,0
0,0.4910577,0,1
0,0.037031148,0,0
0,0.5667139,1,1
0,0.008088075,0,0
0,0.0050016176,0,0
0,0.455178,0,1
0,0.0054398477,0,0
0,0.009834926,0,0
0,0.0017208002,0,0
0,0.00614792,0,0
0,0.008129478,0,0
0,0.6926133,1,1
0,0.70008016,1,1
0,0.58174294,1,1
0,0.25415933,0,1
0,0.119508885,0,0
0,0.59605443,1,1
1,0.6444571,1,1
0,0.06362126,0,0
0,0.0036609473,0,0
0,0.2997636,0,1
0,0.0077006044,0,0
0,0.4744274,0,1
0,0.006817918,0,0
0,0.010057262,0,0
0,0.32178396,0,1
0,0.0012422617,0,0
1,0.9597649,1,1
0,0.035632692,0,0
0,0.005983979,0,0
0,0.67311805,1,1
0,0.7735021,1,1
0,0.18313037,0,0
0,0.0021739926,0,0
0,0.5066804,1,1
0,0.9317813,1,1
0,0.7529684,1,1
0,0.6231183,1,1
1,0.17631817,0,0
0,0.0052401316,0,0
0,0.2694413,0,1
0,0.71992546,1,1
0,0.0027703291,0,0
0,0.93273205,1,1
0,0.69823027,1,1
0,0.2797472,0,1
0,0.91978586,1,1
0,0.0054793237,0,0
0,0.9101508,1,1
0,0.90653205,1,1
0,0.8174632,1,1
0,0.36060008,0,1
0,0.0018122266,0,0
0,0.37122244,0,1
0,0.0042123604,0,0
0,0.77797437,1,1
0,0.63687944,1,1
0,0.0050537293,0,0
0,0.40193373,0,1
0,0.3672521,0,1
0,0.9317493,1,1
0,0.2464366,0,0
0,0.18888626,0,0
0,0.6449744,1,1
0,0.47694024,0,1
0,0.97406083,1,1
0,0.6015264,1,1
0,0.1380258,0,0
0,0.97815496,1,1
0,0.61426914,1,1
0,0.3597028,0,1
0,0.30439615,0,1
0,0.4322694,0,1
0,0.0031874431,0,0
0,0.8896365,1,1
0,0.63445866,1,1
0,0.048535142,0,0
0,0.0031716272,0,0
0,0.48606828,0,1
0,0.0027452204,0,0
0,0.11673946,0,0
0,0.89717215,1,1
0,0.0037020575,0,0
0,0.0004970078,0,0
0,0.41737208,0,1
0,0.85212594,1,1
0,0.21483484,0,0
0,0.9101639,1,1
0,0.64523166,1,1
0,0.9178353,1,1
0,0.8254853,1,1
0,0.0082379095,0,0
0,0.001140741,0,0
0,0.6609046,1,1
0,0.2875938,0,1
0,0.08914918,0,0
0,0.48633987,0,1
0,0.007528681,0,0
0,0.0015870914,0,0
0,0.28323308,0,1
0,0.59819365,1,1
0,0.14162995,0,0
0,0.5401158,1,1
0,0.0063134343,0,0
0,0.8146791,1,1
0,0.88198566,1,1
0,0.010266223,0,0
0,0.0025922528,0,0
0,0.9395674,1,1
0,0.2131575,0,0
0,0.88491255,1,1
0,0.007564784,0,0
0,0.5573287,1,1
0,0.009972627,0,0
0,0.006239476,0,0
0,0.8651845,1,1
0,0.5824562,1,1
0,0.31689924,0,1
0,0.39284736,0,1
0,0.21953104,0,0
0,0.8312594,1,1
0,0.18842849,0,0
0,0.006451342,0,0
0,0.115210265,0,0
0,0.68966514,1,1
0,0.64501727,1,1
0,0.9471659,1,1
0,0.050773576,0,0
0,0.9555631,1,1
0,0.0069041587,0,0
0,0.0057490007,0,0
0,0.46089897,0,1
0,0.47081664,0,1
0,0.0017718424,0,0
0,0.009966024,0,0
0,0.013069117,0,0
0,0.9660482,1,1
0,0.47414342,0,1
0,0.007779483,0,0
0,0.15067711,0,0
0,0.38906172,0,1
1,0.34416524,0,1
0,0.95680195,1,1
1,0.5049368,1,1
1,0.17036183,0,0
0,0.58953375,1,1
0,0.90455747,1,1
0,0.7857094,1,1
0,0.002864714,0,0
0,0.8671155,1,1
0,0.17348485,0,0
0,0.33683106,0,1
0,0.6152011,1,1
1,0.5779787,1,1
0,0.00057265494,0,0
0,0.8851637,1,1
0,0.007351427,0,0
0,0.006982332,0,0
0,0.00087305065,0,0
0,0.2014708,0,0
0,0.9087708,1,1
0,0.41520476,0,1
0,0.8805617,1,1
0,0.002764744,0,0
1,0.88926065,1,1
0,0.82227117,1,1
0,0.0057461997,0,0
0,0.27296525,0,1
0,0.21575011,0,0
0,0.0033415123,0,0
0,0.011487917,0,0
0,0.36835814,0,1
0,0.002141342,0,0
0,0.19273773,0,0
0,0.0050769434,0,0
0,0.2717939,0,1
0,0.94365376,1,1
0,0.0052328585,0,0
0,0.92570066,1,1
0,0.87417775,1,1
0,0.14069322,0,0
0,0.42733526,0,1
0,0.0053260205,0,0
0,0.94929695,1,1
0,0.6481514,1,1
0,0.640333,1,1
0,0.15847182,0,0
0,0.0066422075,0,0
0,0.5902699,1,1
0,0.00700682,0,0
0,0.0066147503,0,0
0,0.0015533083,0,0
0,0.46637258,0,1
0,0.0016157813,0,0
1,0.7255921,1,1
0,0.11516757,0,0
0,0.62634754,1,1
0,0.008186892,0,0
0,0.59394264,1,1
0,0.0032379064,0,0
0,0.00409204,0,0
0,0.73585093,1,1
0,0.008446825,0,0
0,0.11242581,0,0
1,0.7818777,1,1
0,0.3146786,0,1
0,0.24358411,0,0
0,0.55372083,1,1
0,0.85658395,1,1
0,0.63953763,1,1
0,0.0100854775,0,0
0,0.27258903,0,1
0,0.25594914,0,1
0,0.8104284,1,1
0,0.0018447796,0,0
0,0.72872233,1,1
0,0.0018741203,0,0
0,0.64327055,1,1
0,0.47356647,0,1
0,0.0051341504,0,0
0,0.0074368753,0,0
0,0.75969636,1,1
0,0.0009428069,0,0
0,0.10545146,0,0
0,0.19824284,0,0
0,0.0015802989,0,0
0,0.7563857,1,1
0,0.43779248,0,1
0,0.22445954,0,0
0,0.004594561,0,0
0,0.18720742,0,0
0,0.5218446,1,1
0,0.30590886,0,1
0,0.7603349,1,1
0,0.8925031,1,1
0,0.9375682,1,1
1,0.95861316,1,1
1,0.33728376,0,1
0,0.004822359,0,0
0,0.55824596,1,1
0,0.0020367438,0,0
0,0.5304289,1,1
1,0.3906089,0,1
1,0.96682113,1,1
0,0.26511058,0,1
0,0.91862714,1,1
0,0.3632857,0,1
0,0.118631124,0,0
0,0.22303309,0,0
0,0.20413052,0,0
0,0.8163185,1,1
0,0.029507967,0,0
0,0.00042016685,0,0
0,0.9329426,1,1
0,0.004729433,0,0
0,0.40729606,0,1
1,0.49302024,0,1
1,0.5933602,1,1
0,0.0067216135,0,0
0,0.6933658,1,1
1,0.6100624,1,1
0,0.7677708,1,1
0,0.9326831,1,1
0,0.0100980345,0,0
0,0.24460901,0,0
0,0.6683513,1,1
0,0.4636745,0,1
0,0.08068049,0,0
0,0.87430185,1,1
0,0.13813116,0,0
0,0.08066237,0,0
0,0.0011018981,0,0
0,0.7221473,1,1
0,0.9207698,1,1
0,0.62761086,1,1
0,0.5127106,1,1
0,0.5262478,1,1
0,0.2679986,0,1
0,0.20615494,0,0
0,0.33251467,0,1
0,0.6617639,1,1
0,0.5866143,1,1
0,0.93567884,1,1
1,0.57369655,1,1
0,0.16590925,0,0
0,0.5606525,1,1
0,0.010924563,0,0
0,0.22464545,0,0
0,0.8080293,1,1
0,0.75742584,1,1
0,0.61196685,1,1
0,0.06969324,0,0
0,0.06666417,0,0
0,0.91361696,1,1
0,0.005299157,0,0
0,0.5509189,1,1
0,0.54793125,1,1
0,0.9212344,1,1
0,0.0052034063,0,0
0,0.3946729,0,1
0,0.26173484,0,1
0,0.002126193,0,0
0,0.58498275,1,1
0,0.72395074,1,1
0,0.003318839,0,0
0,0.0028954921,0,0
0,0.68328893,1,1
0,0.10638979,0,0
0,0.85406214,1,1
0,0.51799476,1,1
0,0.0063650333,0,0
0,0.89953244,1,1
0,0.7257478,1,1
0,0.8071475,1,1
0,0.0027530796,0,0
0,0.18562275,0,0
0,0.0029664016,0,0
0,0.7799833,1,1
0,0.13576578,0,0
0,0.32961473,0,1
0,0.08352867,0,0
0,0.29629314,0,1
0,0.53313375,1,1
0,0.72423047,1,1
0,0.8469277,1,1
0,0.819647,1,1
0,0.0039323634,0,0
0,0.16784886,0,0
0,0.0021105323,0,0
0,0.4362658,0,1
0,0.1259477,0,0
0,0.9376459,1,1
0,0.61624014,1,1
0,0.4093803,0,1
0,0.7470853,1,1
0,0.8780036,1,1
0,0.009859185,0,0
0,0.66504997,1,1
0,0.9572992,1,1
0,0.2656153,0,1
0,0.13117209,0,0
0,0.7176953,1,1
0,0.008057821,0,0
0,0.51675546,1,1
0,0.79051214,1,1
0,0.6097561,1,1
0,0.06490771,0,0
0,0.0076056104,0,0
0,0.004305502,0,0
0,0.0012777828,0,0
0,0.351,0,1
0,0.93903184,1,1
0,0.9225352,1,1
1,0.50847703,1,1
1,0.23097074,0,0
0,0.94060403,1,1
0,0.6487367,1,1
0,0.5526449,1,1
0,0.0055412417,0,0
0,0.31182647,0,1
0,0.93537045,1,1
0,0.0021770399,0,0
0,0.002901408,0,0
0,0.21527566,0,0
0,0.17857672,0,0
1,0.019637976,0,0
0,0.9386358,1,1
0,0.72748375,1,1
0,0.002534659,0,0
0,0.70399696,1,1
0,0.940905,1,1
0,0.74048215,1,1
0,0.000687742,0,0
0,0.37984788,0,1
0,0.0057542063,0,0
0,0.006045347,0,0
0,0.9000763,1,1
0,0.46395412,0,1
0,0.4661099,0,1
0,0.00635452,0,0
0,0.005896011,0,0
0,0.87054986,1,1
0,0.4369098,0,1
0,0.010527978,0,0
0,0.90828305,1,1
0,0.7143619,1,1
0,0.7979768,1,1
0,0.003923539,0,0
0,0.15032415,0,0
0,0.45271015,0,1
0,0.0061432547,0,0
0,0.13918623,0,0
0,0.002700131,0,0
0,0.78860873,1,1
0,0.0063917483,0,0
1,0.78926474,1,1
0,0.85175675,1,1
0,0.0043225964,0,0
0,0.73835343,1,1
0,0.21771926,0,0
1,0.9180726,1,1
0,0.9559166,1,1
0,0.0037658806,0,0
1,0.92896885,1,1
0,0.06142845,0,0
0,0.7415983,1,1
0,0.70360154,1,1
0,0.35174537,0,1
1,0.18764457,0,0
0,0.7507606,1,1
0,0.00040318127,0,0
0,0.74732125,1,1
0,0.44499642,0,1
0,0.000935651,0,0
0,0.007910191,0,0
0,0.633184,1,1
0,0.7656465,1,1
0,0.0016056005,0,0
0,0.007844625,0,0
0,0.0019991647,0,0
0,0.0684108,0,0
0,0.032034416,0,0
0,0.57897216,1,1
0,0.62189734,1,1
0,0.00026125656,0,0
1,0.75701874,1,1
0,0.48946095,0,1
0,0.15698737,0,0
0,0.69020104,1,1
0,0.9316434,1,1
0,0.0059612435,0,0
0,0.27718285,0,1
0,0.8687574,1,1
0,0.8890217,1,1
1,0.9540682,1,1
0,0.26950744,0,1
0,0.0024447704,0,0
0,0.44129395,0,1
0,0.69856983,1,1
0,0.91866654,1,1
0,0.0068555493,0,0
0,0.13909513,0,0
0,0.8857503,1,1
0,0.0013884862,0,0
0,0.41587105,0,1
0,0.8624244,1,1
0,0.98614407,1,1
0,0.0048125973,0,0
1,0.74159765,1,1
0,0.008868325,0,0
0,0.1950627,0,0
0,0.0011818797,0,0
0,0.0057130074,0,0
0,0.0011057399,0,0
0,0.6838331,1,1
0,0.010092025,0,0
0,0.0062635476,0,0
0,0.0034026625,0,0
0,0.8150967,1,1
0,0.67907345,1,1
0,0.21863833,0,0
0,0.6766813,1,1
0,0.8872911,1,1
0,0.63300186,1,1
0,0.45529246,0,1
0,0.04337946,0,0
0,0.63579535,1,1
0,0.49962988,0,1
0,0.5518378,1,1
0,0.006261052,0,0
0,0.8852344,1,1
0,0.85616195,1,1
0,0.4037683,0,1
0,0.833763,1,1
0,0.20139712,0,0
0,0.7450795,1,1
0,0.4441316,0,1
0,0.80519044,1,1
0,0.91257405,1,1
0,0.75295407,1,1
0,0.92502236,1,1
0,0.12796335,0,0
0,0.9793473,1,1
0,0.6201092,1,1
0,0.44479808,0,1
0,0.39777294,0,1
0,0.8491252,1,1
0,0.005968052,0,0
0,0.38645637,0,1
1,0.6612496,1,1
0,0.88927335,1,1
0,0.8027291,1,1
0,0.75472885,1,1
0,0.0007329628,0,0
0,0.2305677,0,0
0,0.72894645,1,1
1,0.24097152,0,0
0,0.30753326,0,1
0,0.010496146,0,0
0,0.0013683373,0,0
0,0.0026291194,0,0
0,0.08537907,0,0
1,0.8855598,1,1
0,0.0073884837,0,0
0,0.50714177,1,1
0,0.004957094,0,0
0,0.9741917,1,1
0,0.23228827,0,0
0,0.010019519,0,0
0,0.94598097,1,1
0,0.0015844769,0,0
0,0.0020017342,0,0
0,0.5526874,1,1
0,0.51056,1,1
0,0.0016516753,0,0
0,0.6702489,1,1
0,0.0035965783,0,0
0,0.0031588885,0,0
0,0.4218083,0,1
0,0.7309001,1,1
0,0.004568401,0,0
0,0.07210697,0,0
0,0.4605474,0,1
0,0.06818558,0,0
0,0.9548592,1,1
0,0.1118493,0,0
0,0.26939294,0,1
0,0.009772352,0,0
0,0.0012769458,0,0
0,0.6970993,1,1
0,0.008827057,0,0
0,0.86352736,1,1
0,0.22989511,0,0
0,0.7540152,1,1
0,0.42076144,0,1
0,0.8873109,1,1
0,0.006418009,0,0
0,0.34823495,0,1
0,0.003381057,0,0
0,0.074673034,0,0
0,0.7278033,1,1
0,0.54141426,1,1
0,0.71505094,1,1
0,0.6455976,1,1
0,0.6452835,1,1
0,0.0076260483,0,0
0,0.0055481778,0,0
0,0.9010979,1,1
0,0.0097049475,0,0
0,0.33853492,0,1
0,0.7672556,1,1
0,0.001063634,0,0
0,0.96159303,1,1
1,0.84718466,1,1
0,0.8377211,1,1
0,0.008372433,0,0
0,0.003930754,0,0
0,0.51521885,1,1
0,0.004885902,0,0
0,0.8962282,1,1
0,0.42400277,0,1
0,0.644707,1,1
0,0.40435117,0,1
0,0.35857922,0,1
0,0.51989675,1,1
0,0.0019081924,0,0
0,0.0061052428,0,0
0,0.29385686,0,1
0,0.0073306235,0,0
0,0.868775,1,1
0,0.0009982012,0,0
0,0.92530286,1,1
0,0.18495147,0,0
0,0.16149016,0,0
0,0.0066777156,0,0
0,0.16248932,0,0
0,0.002432382,0,0
0,0.8699626,1,1
0,0.002864785,0,0
0,0.73244864,1,1
0,0.87571996,1,1
0,0.060069468,0,0
0,0.0019281281,0,0
0,0.90906584,1,1
0,0.0016522785,0,0
0,0.1947221,0,0
0,0.57672566,1,1
0,0.009347131,0,0
0,0.17054284,0,0
0,0.84697616,1,1
0,0.45577064,0,1
0,0.02719513,0,0
0,0.7512321,1,1
0,0.030811526,0,0
0,0.061710533,0,0
0,0.0025428822,0,0
0,0.8560976,1,1
0,0.095587574,0,0
0,0.16185263,0,0
0,0.332878,0,1
1,0.7801664,1,1
1,0.5218499,1,1
0,0.8074373,1,1
0,0.6976929,1,1
0,0.78390384,1,1
0,0.012129599,0,0
0,0.32589453,0,1
0,0.4789326,0,1
0,0.004151896,0,0
0,0.0040070834,0,0
0,0.005098614,0,0
0,0.47411147,0,1
0,0.0065141404,0,0
0,0.733669,1,1
0,0.0118127195,0,0
0,0.7658476,1,1
0,0.53215134,1,1
0,0.3657299,0,1
0,0.1740499,0,0
0,0.7714264,1,1
0,0.008261348,0,0
0,0.28897163,0,1
0,0.0017238451,0,0
0,0.25411472,0,1
0,0.05955198,0,0
0,0.4586515,0,1
0,0.28449002,0,1
0,0.26714855,0,1
0,0.84984386,1,1
0,0.2800306,0,1
0,0.69896597,1,1
0,0.02229703,0,0
0,0.316408,0,1
0,0.0031108607,0,0
0,0.8663818,1,1
0,0.5548916,1,1
0,0.879651,1,1
0,0.008502829,0,0
0,0.0011864586,0,0
0,0.007671459,0,0
0,0.9635787,1,1
0,0.21067724,0,0
0,0.858448,1,1
0,0.037367586,0,0
0,0.93805337,1,1
0,0.1256645,0,0
0,0.19773114,0,0
0,0.004898128,0,0
0,0.51470387,1,1
0,0.75370914,1,1
0,0.8237111,1,1
0,0.085110456,0,0
0,0.00914863,0,0
0,0.8982383,1,1
0,0.5784296,1,1
0,0.9349466,1,1
0,0.0021347122,0,0
0,0.2690416,0,1
0,0.0048757787,0,0
0,0.50344634,1,1
0,0.008121708,0,0
0,0.9353643,1,1
0,0.20966408,0,0
0,0.8409749,1,1
0,0.5921028,1,1
0,0.11746479,0,0
0,0.0077287997,0,0
0,0.0009850083,0,0
1,0.97368467,1,1
0,0.16799475,0,0
0,0.12777236,0,0
0,0.8814811,1,1
0,0.6563122,1,1
0,0.37934285,0,1
0,0.0090304,0,0
0,0.766916,1,1
0,0.27003962,0,1
1,0.19103849,0,0
0,0.0012065633,0,0
0,0.9361632,1,1
0,0.35309818,0,1
0,0.7204647,1,1
0,0.10525366,0,0
0,0.005619941,0,0
1,0.7738827,1,1
0,0.35423034,0,1
0,0.001331166,0,0
0,0.00590652,0,0
0,0.73984504,1,1
1,0.68153834,1,1
1,0.60419303,1,1
0,0.0025895047,0,0
0,0.0090096975,0,0
0,0.8760468,1,1
0,0.6258401,1,1
0,0.29482654,0,1
0,0.0022818325,0,0
0,0.57125074,1,1
0,0.8245779,1,1
0,0.005434714,0,0
0,0.0018679261,0,0
0,0.0072686314,0,0
0,0.0056941,0,0
0,0.0055237976,0,0
0,0.001995323,0,0
0,0.0011324632,0,0
0,0.21011648,0,0
1,0.4723429,0,1
0,0.19458811,0,0
0,0.12583579,0,0
0,0.39914438,0,1
0,0.20633312,0,0
0,0.66466403,1,1
0,0.034439545,0,0
0,0.64802486,1,1
0,0.39025182,0,1
0,0.019131176,0,0
0,0.0068751117,0,0
0,0.011330653,0,0
0,0.8066821,1,1
0,0.48905262,0,1
0,0.09875566,0,0
0,0.0010304345,0,0
0,0.49788663,0,1
0,0.73240006,1,1
0,0.9057843,1,1
0,0.6221667,1,1
0,0.0111568635,0,0
0,0.78923863,1,1
0,0.2644129,0,1
1,0.4917387,0,1
0,0.43418694,0,1
0,0.9609836,1,1
0,0.01025435,0,0
0,0.64422566,1,1
0,0.007598599,0,0
0,0.7720017,1,1
0,0.8553599,1,1
0,0.22158289,0,0
0,0.21146613,0,0
0,0.46576074,0,1
0,0.00022019866,0,0
0,0.71302146,1,1
0,0.543614,1,1
0,0.8575531,1,1
0,0.8327727,1,1
0,0.37081653,0,1
0,0.006395486,0,0
0,0.8748597,1,1
0,0.854292,1,1
0,0.12564452,0,0
0,0.001594341,0,0
0,0.0038757925,0,0
0,0.79939014,1,1
0,0.0013367643,0,0
0,0.075367965,0,0
0,0.00457634,0,0
0,0.9260127,1,1
0,0.0046780375,0,0
0,0.0029029327,0,0
0,0.40432596,0,1
0,0.003458491,0,0
0,0.09431921,0,0
0,0.00042500894,0,0
0,0.86863166,1,1
0,0.18675724,0,0
0,0.13420787,0,0
0,0.29995698,0,1
0,0.21275371,0,0
0,0.45667067,0,1
0,0.5587193,1,1
1,0.3400031,0,1
0,0.17483404,0,0
0,0.005307687,0,0
0,0.60261065,1,1
0,0.39339843,0,1
0,0.004092911,0,0
0,0.83771163,1,1
0,0.49816248,0,1
0,0.0020180312,0,0
0,0.37267262,0,1
0,0.9219575,1,1
0,0.1840046,0,0
0,0.78768677,1,1
0,0.42934278,0,1
0,0.86216795,1,1
0,0.20842746,0,0
0,0.0034954818,0,0
0,0.59481543,1,1
0,0.0020820117,0,0
0,0.8359923,1,1
0,0.4418237,0,1
0,0.0076391697,0,0
0,0.7563211,1,1
0,0.9598257,1,1
0,0.066728465,0,0
0,0.94956285,1,1
0,0.006634994,0,0
0,0.00495199,0,0
0,0.0062675234,0,0
0,0.0036875287,0,0
0,0.91341996,1,1
0,0.0025449102,0,0
1,0.62193394,1,1
0,0.6742048,1,1
0,0.34182784,0,1
0,0.25706923,0,1
0,0.0077401623,0,0
0,0.3542268,0,1
0,0.0015275389,0,0
0,0.005068504,0,0
0,0.0055623343,0,0
0,0.8900557,1,1
0,0.37441713,0,1
0,0.010246885,0,0
0,0.9074312,1,1
0,0.004101197,0,0
0,0.15114474,0,0
0,0.008788915,0,0
0,0.057857092,0,0
0,0.874358,1,1
0,0.011074385,0,0
0,0.00299676,0,0
1,0.92318845,1,1
1,0.9296205,1,1
1,0.9585415,1,1
0,0.22926785,0,0
0,0.27689174,0,1
0,0.6680148,1,1
0,0.021855839,0,0
0,0.7651831,1,1
0,0.42420363,0,1
0,0.0018079868,0,0
0,0.0006054758,0,0
0,0.9804519,1,1
0,0.84118134,1,1
0,0.73390067,1,1
1,0.18947238,0,0
0,0.21232605,0,0
0,0.03576501,0,0
0,0.0035990586,0,0
0,0.6675917,1,1
0,0.7241014,1,1
0,0.8953304,1,1
0,0.0018583453,0,0
0,0.0012500201,0,0
0,0.79968405,1,1
0,0.0011694841,0,0
0,0.010204217,0,0
0,0.7898871,1,1
0,0.00088560104,0,0
1,0.20737098,0,0
0,0.0021477758,0,0
0,0.00516444,0,0
1,0.78822535,1,1
0,0.007824891,0,0
0,0.7789757,1,1
0,0.029030897,0,0
0,0.007205823,0,0
0,0.3303165,0,1
1,0.19174948,0,0
0,0.00084880996,0,0
0,0.726984,1,1
0,0.93404484,1,1
0,0.541502,1,1
0,0.33247188,0,1
0,0.0018431278,0,0
1,0.74473166,1,1
0,0.67768705,1,1
0,0.11933278,0,0
0,0.33815977,0,1
0,0.007046115,0,0
0,0.0048787594,0,0
0,0.8421101,1,1
0,0.57227,1,1
0,0.72731,1,1
0,0.8097613,1,1
0,0.0035237952,0,0
0,0.60136116,1,1
0,0.0051646824,0,0
0,0.18269925,0,0
0,0.5151244,1,1
0,0.44792378,0,1
0,0.0069044526,0,0
0,0.9353124,1,1
0,0.0032698293,0,0
0,0.8362747,1,1
0,0.0047889,0,0
0,0.66777784,1,1
0,0.66717213,1,1
0,0.5747376,1,1
0,0.74534863,1,1
1,0.65570414,1,1
0,0.06823496,0,0
0,0.92013,1,1
0,0.38052186,0,1
0,0.77647394,1,1
0,0.5147319,1,1
0,0.47612488,0,1
0,0.0017242013,0,0
0,0.2548808,0,1
0,0.9452544,1,1
0,0.1716279,0,0
0,0.0013165583,0,0
0,0.566578,1,1
0,0.7959689,1,1
0,0.8665192,1,1
0,0.9231162,1,1
0,0.5057607,1,1
0,0.5448339,1,1
0,0.844812,1,1
0,0.35595754,0,1
0,0.20409574,0,0
0,0.877069,1,1
0,0.0024873212,0,0
0,0.48808536,0,1
0,0.091529615,0,0
0,0.00073446264,0,0
0,0.41415513,0,1
0,0.3635865,0,1
0,0.89431316,1,1
0,0.0026886936,0,0
0,0.5372996,1,1
0,0.00801384,0,0
0,0.30113548,0,1
0,0.26556826,0,1
0,0.967304,1,1
0,0.005120014,0,0
0,0.0072096484,0,0
1,0.5601132,1,1
0,0.37759045,0,1
0,0.0015278101,0,0
0,0.006709454,0,0
0,0.0032075455,0,0
0,0.6249925,1,1
0,0.35646257,0,1
0,0.81795764,1,1
0,0.006057215,0,0
0,0.613489,1,1
0,0.0022268572,0,0
0,0.9521121,1,1
0,0.96244454,1,1
0,0.00080895773,0,0
0,0.5442088,1,1
0,0.21905564,0,0
0,0.8391478,1,1
0,0.0068781856,0,0
0,0.003194332,0,0
0,0.0033333201,0,0
0,0.00022161724,0,0
0,0.60744613,1,1
0,0.4641442,0,1
0,0.008585916,0,0
0,0.0066705644,0,0
0,0.8667702,1,1
0,0.0032606374,0,0
0,0.0018663725,0,0
0,0.73790735,1,1
0,0.7610155,1,1
0,0.004245843,0,0
0,0.5030059,1,1
1,0.083507076,0,0
0,0.46339455,0,1
0,0.525504,1,1
0,0.84279144,1,1
0,0.006298175,0,0
0,0.004894102,0,0
0,0.0021617613,0,0
0,0.34383756,0,1
0,0.30858475,0,1
0,0.32249206,0,1
0,0.005665152,0,0
0,0.01971363,0,0
0,0.006333416,0,0
0,0.0023277912,0,0
0,0.7456422,1,1
0,0.19042721,0,0
0,0.3816394,0,1
0,0.48946136,0,1
0,0.0090104425,0,0
0,0.8424864,1,1
0,0.005608183,0,0
0,0.0036195628,0,0
0,0.39894015,0,1
0,0.82124823,1,1
0,0.036321633,0,0
0,0.23208019,0,0
0,0.85653865,1,1
0,0.002543695,0,0
0,0.051041752,0,0
0,0.67821765,1,1
0,0.14235772,0,0
0,0.623457,1,1
0,0.93355775,1,1
0,0.71918017,1,1
0,0.8113119,1,1
1,0.3792873,0,1
0,0.0071745887,0,0
1,0.2393638,0,0
0,0.72077805,1,1
0,0.6747471,1,1
0,0.0010411786,0,0
0,0.3883171,0,1
0,0.00028910273,0,0
0,0.05535431,0,0
0,0.0016745906,0,0
0,0.744033,1,1
0,0.7444335,1,1
0,0.44359168,0,1
1,0.97412735,1,1
0,0.98034555,1,1
0,0.7255528,1,1
0,0.60248595,1,1
0,0.49925664,0,1
0,0.9008368,1,1
0,0.88182575,1,1
0,0.008545749,0,0
0,0.8114453,1,1
0,0.22534257,0,0
0,0.69116604,1,1
0,0.6216239,1,1
0,0.8795528,1,1
0,0.23096275,0,0
0,0.7238362,1,1
0,0.0024772673,0,0
0,0.7334006,1,1
0,0.09175863,0,0
0,0.14206018,0,0
0,0.76391006,1,1
0,0.21616852,0,0
0,0.002606131,0,0
0,0.21668854,0,0
0,0.9911056,1,1
0,0.58880275,1,1
0,0.5477599,1,1
0,0.37523767,0,1
0,0.6589645,1,1
0,0.0039391415,0,0
0,0.17531429,0,0
0,0.5795736,1,1
0,0.87914616,1,1
0,0.0085344035,0,0
0,0.0026422571,0,0
0,0.27246252,0,1
0,0.006967526,0,0
0,0.84264916,1,1
0,0.27644438,0,1
0,0.7482456,1,1
0,0.6443128,1,1
0,0.2769439,0,1
0,0.84060353,1,1
0,0.1576759,0,0
0,0.6484392,1,1
0,0.77444834,1,1
0,0.6469598,1,1
0,0.31907287,0,1
0,0.86207765,1,1
0,0.9016496,1,1
0,0.32636908,0,1
1,0.20282598,0,0
0,0.77497256,1,1
0,0.5901376,1,1
0,0.42261484,0,1
0,0.57083213,1,1
0,0.005490118,0,0
0,0.0046245307,0,0
0,0.14880098,0,0
0,0.034574844,0,0
0,0.0010152531,0,0
0,0.7913422,1,1
0,0.4267894,0,1
0,0.6768348,1,1
1,0.3363452,0,1
0,0.9520912,1,1
1,0.17761415,0,0
0,0.8639735,1,1
1,0.77509266,1,1
0,0.25037995,0,1
0,0.23375838,0,0
0,0.0031359643,0,0
0,0.0030932026,0,0
0,0.006181734,0,0
0,0.28144282,0,1
0,0.95250654,1,1
0,0.092611596,0,0
0,0.24195269,0,0
0,0.9047919,1,1
0,0.92714185,1,1
0,0.17311934,0,0
0,0.0009838805,0,0
0,0.023234045,0,0
0,0.0060604913,0,0
0,0.040811505,0,0
0,0.006616872,0,0
0,0.8625165,1,1
0,0.0009524667,0,0
0,0.0046122223,0,0
0,0.84169674,1,1
0,0.0042153317,0,0
0,0.4010647,0,1
0,0.0009559355,0,0
0,0.730592,1,1
0,0.19521783,0,0
0,0.006074274,0,0
0,0.9194336,1,1
0,0.80483973,1,1
0,0.0010545915,0,0
0,0.69617534,1,1
0,0.0029004205,0,0
0,0.008762332,0,0
0,0.63486755,1,1
1,0.23852436,0,0
0,0.62265825,1,1
0,0.18012556,0,0
0,0.0056388276,0,0
0,0.007632369,0,0
0,0.003166971,0,0
0,0.006668963,0,0
0,0.0037739396,0,0
0,0.57177293,1,1
0,0.004538742,0,0
0,0.7714233,1,1
0,0.0016718458,0,0
0,0.05845757,0,0
0,0.8415782,1,1
0,0.7244106,1,1
0,0.0044510136,0,0
0,0.008528889,0,0
0,0.005223693,0,0
0,0.39947107,0,1
0,0.47000006,0,1
0,0.74499124,1,1
0,0.69010156,1,1
0,0.9875959,1,1
0,0.00021413648,0,0
0,0.0032659248,0,0
0,0.1537323,0,0
0,0.88476133,1,1
0,0.0019169799,0,0
0,0.0005455311,0,0
0,0.002817966,0,0
0,0.36483628,0,1
0,0.002842753,0,0
0,0.96624506,1,1
0,0.8521382,1,1
0,0.09347653,0,0
0,0.8417154,1,1
0,0.0069594407,0,0
0,0.0073091066,0,0
0,0.00020252628,0,0
0,0.0010507036,0,0
1,0.73610365,1,1
0,0.36746407,0,1
0,0.14650814,0,0
0,0.6590026,1,1
0,0.10290241,0,0
0,0.76846635,1,1
0,0.0062541994,0,0
1,0.20550479,0,0
0,0.49694404,0,1
0,0.043460652,0,0
0,0.0019243336,0,0
0,0.82915735,1,1
0,0.90110356,1,1
0,0.008188769,0,0
0,0.060955413,0,0
0,0.0027618902,0,0
0,0.007813064,0,0
0,0.51915413,1,1
0,0.1592107,0,0
0,0.39151362,0,1
0,0.91224575,1,1
0,0.9296888,1,1
0,0.32255596,0,1
0,0.008231258,0,0
0,0.004499813,0,0
0,0.60094845,1,1
0,0.101623416,0,0
0,0.92162895,1,1
0,0.048669472,0,0
0,0.8170073,1,1
0,0.0021926651,0,0
0,0.0010047528,0,0
0,0.028857308,0,0
0,0.934481,1,1
0,0.6780348,1,1
0,0.0022010189,0,0
0,0.24443932,0,0
0,0.19834203,0,0
0,0.6031562,1,1
0,0.37555885,0,1
0,0.89840364,1,1
0,0.49680817,0,1
0,0.006853251,0,0
0,0.95766234,1,1
0,0.0088932,0,0
0,0.9104921,1,1
0,0.91231215,1,1
0,0.008563863,0,0
0,0.28252783,0,1
0,0.6394056,1,1
0,0.86583537,1,1
0,0.9650073,1,1
0,0.8557822,1,1
0,0.23183407,0,0
0,0.002302462,0,0
0,0.17613049,0,0
0,0.64988685,1,1
0,0.11116316,0,0
0,0.008483566,0,0
0,0.0030354937,0,0
0,0.3127531,0,1
